Video result,flag,username,timestamp
"{""video"":{""path"":""gradio_cached_examples/14/Video result/625fb799abdbcb60fe2f/laviea_corgi_walking_in_the_park_at-400-50-7-.mp4"",""url"":null,""size"":null,""orig_name"":""laviea_corgi_walking_in_the_park_at-400-50-7-.mp4"",""mime_type"":null},""subtitles"":null}",,,2023-11-27 14:01:13.139609
"{""video"":{""path"":""gradio_cached_examples/14/Video result/feeee8981f36b962bfe6/laviea_cut_teddy_bear_reading_a_boo-700-50-7-.mp4"",""url"":null,""size"":null,""orig_name"":""laviea_cut_teddy_bear_reading_a_boo-700-50-7-.mp4"",""mime_type"":null},""subtitles"":null}",,,2023-11-27 14:01:23.543257
"{""video"":{""path"":""gradio_cached_examples/14/Video result/767a0718deb1983b3d43/laviean_epic_tornado_attacking_abov-230-50-7-.mp4"",""url"":null,""size"":null,""orig_name"":""laviean_epic_tornado_attacking_abov-230-50-7-.mp4"",""mime_type"":null},""subtitles"":null}",,,2023-11-27 14:01:33.942899
"{""video"":{""path"":""gradio_cached_examples/14/Video result/a15ccccc7c42e18cd062/laviea_jar_filled_with_fire_4K_vid-400-50-7-.mp4"",""url"":null,""size"":null,""orig_name"":""laviea_jar_filled_with_fire,_4K_vid-400-50-7-.mp4"",""mime_type"":null},""subtitles"":null}",,,2023-11-27 14:01:44.348969
"{""video"":{""path"":""gradio_cached_examples/14/Video result/c2e7acb8ce5cb0a52899/laviea_teddy_bear_walking_in_the_pa-400-50-7-.mp4"",""url"":null,""size"":null,""orig_name"":""laviea_teddy_bear_walking_in_the_pa-400-50-7-.mp4"",""mime_type"":null},""subtitles"":null}",,,2023-11-27 14:01:54.765554
"{""video"":{""path"":""gradio_cached_examples/14/Video result/75b535bd2f78c28d2789/laviea_teddy_bear_walking_on_the_st-100-50-7-.mp4"",""url"":null,""size"":null,""orig_name"":""laviea_teddy_bear_walking_on_the_st-100-50-7-.mp4"",""mime_type"":null},""subtitles"":null}",,,2023-11-27 14:02:05.255612
"{""video"":{""path"":""gradio_cached_examples/14/Video result/42b8a418d77480fcc8fc/laviea_panda_taking_a_selfie_2k_h-400-50-7-.mp4"",""url"":null,""size"":null,""orig_name"":""laviea_panda_taking_a_selfie,_2k,_h-400-50-7-.mp4"",""mime_type"":null},""subtitles"":null}",,,2023-11-27 14:02:15.694357
"{""video"":{""path"":""gradio_cached_examples/14/Video result/e67b3c12db1c38afd2c4/laviea_polar_bear_playing_drum_kit_-400-50-7-.mp4"",""url"":null,""size"":null,""orig_name"":""laviea_polar_bear_playing_drum_kit_-400-50-7-.mp4"",""mime_type"":null},""subtitles"":null}",,,2023-11-27 14:02:26.121546
"{""video"":{""path"":""gradio_cached_examples/14/Video result/cecd7ff29690b876a418/laviejungle_river_at_sunset_ultra_-400-50-7-.mp4"",""url"":null,""size"":null,""orig_name"":""laviejungle_river_at_sunset,_ultra_-400-50-7-.mp4"",""mime_type"":null},""subtitles"":null}",,,2023-11-27 14:02:36.540682
"{""video"":{""path"":""gradio_cached_examples/14/Video result/beedae14fa3a8f24e4ec/laviea_shark_swimming_in_clear_Carr-400-50-7-.mp4"",""url"":null,""size"":null,""orig_name"":""laviea_shark_swimming_in_clear_Carr-400-50-7-.mp4"",""mime_type"":null},""subtitles"":null}",,,2023-11-27 14:02:46.992686
"{""video"":{""path"":""gradio_cached_examples/14/Video result/4b54d32b7e8f2a3cd333/lavieA_steam_train_moving_on_a_moun-230-50-7-.mp4"",""url"":null,""size"":null,""orig_name"":""lavieA_steam_train_moving_on_a_moun-230-50-7-.mp4"",""mime_type"":null},""subtitles"":null}",,,2023-11-27 14:02:57.458758
"{""video"":{""path"":""gradio_cached_examples/14/Video result/35727d2ebeb816c94d68/laviea_confused_grizzly_bear_in_cal-1000-50-7-.mp4"",""url"":null,""size"":null,""orig_name"":""laviea_confused_grizzly_bear_in_cal-1000-50-7-.mp4"",""mime_type"":null},""subtitles"":null}",,,2023-11-27 14:03:07.878403
